Username,Password
QbfdjFdv,P2MW2Z0xlo
krs58fip,DkLEhe33ei
72umMX2V,uzxRdvkWkk
CQDQ71Rg,1ZXVFWJaSy
XqSGNW6y,RvQVW0AoTT
KOoLKSMy,3TpK0dzDfl
u8dRR8fi,tj8nthOyU8
g48b6Bz5,T71mfXmzsQ
TcVahgh8,qln6oFsVcK
bOAm0ACJ,1tl8wVIo0v
50aOXsaq,1gr5Zf94sR
zwk1eJGQ,sFkbu28hJC
jiBULt2H,zB31n00mLS
BXO9T8zG,31AmVN4xDY
4GKdezAR,vUlRGXSddM
gCfumias,4If87GOn6W
ahlN5ljq,4lYnBVL0or
QSqngP8c,ZnBmWQG0PQ
AjsgjoRe,8e4TMn6rRe
TBrZYbQO,GkrazCfkfF
vvjkz9Hh,a351QhXlvg
lKSQPpe4,kiPI9UK338
wJW3qC8i,Uh526nrTF1
cdMDfpza,OioAGQlXpl
NAQIqelY,Gfd1gxo634
IXSFMZlw,vksQZXU7Cg
SU63lW3L,Ug0dZiZJ9u
TCRvGlv7,Ca44KON2Rs
Rv3CmuBn,rlHbNN0w6A
FtT2SmHr,PtbKBnHwOu
hkGqA5vj,pRHrk36uZw
LOLdGQ3X,ExHtJlWj3V
3nnWe9LZ,NQB1bmOx3X
020axsUy,ZxgTl46ceA
VIWFxeTM,b9jQNd4RPr
1tm2MCYT,uHl8MM2IUF
d9nN5Mt8,4rDAEUq8j1
6zQnevcH,eWtQwe43kO
lOYz3F6m,6XhyV5JxEd
vpTIveHD,iIQvlD7dr6
iv3Svece,pcYf5TU8TE
6Kbu9WpL,kUdydXxbDR
ifyJ52fk,nbb3OQhL1O
8ZLnnqeM,bA8p4ThQS2
vzL8XtZd,DW7185nrX0
pwutNjSm,oegZpq9XnL
cWn31qjK,2u9OoIt9WC
T6FBQvht,iacNUraXOn
cFpzudGd,id8z2MSib3
NjeHLlkb,BtzybATVZy
bN13ilVk,N1mQW2ZQ1W
ColIAoDY,zMr7b2Ezjx
7hjUFQEF,DPmiG019WR
frG4ZWxH,YAbfjPpDAA
2pYoqb2D,qgLtZv9lWc
DS7Wj0lH,FxW6qIK7Uo
MTnvGzKZ,z4JMxvgpeT
LqgLRlDC,JBtYbnh6IL
1JQjg5R9,fUCsj67tc4
ckwGs1ps,GtBW1BrPlZ
zPCSk735,N9bMGfltyM
gk4IVLRI,otR9G5GcTd
FDS4niq4,l5OugIH1JW
B5eiz0K8,7FL8dY8rnd
HgeqNB2i,uVOZoxx7zQ
LPYMSePQ,W03IwtBWrS
sYyFS2B8,flo7muq8aP
kowhNx6Y,5jMoRtAFV4
8uTSo4A0,10RuSzDkpG
TuvU0daS,z6nmecq0Jk
i767H9VF,pzicOosto2
ZIo2oy2Y,71JbbpECJ3
ZXNGw4Cz,81UpBE52Rj
wKs0n7u2,Es7jOWivxV
126iV4Th,k2HRuMWWKM
sNjAGPz3,m3RUKrDeoZ
QCj14v5H,6fTSWibJQa
UptCLPTx,R9wUvrD0DQ
lm4mDKVJ,Jrjgc8srT3
CeP8yvbv,3NiPjUhNpE
tEtZUi2z,dq3gQiPvuQ
21KEw62J,LHfOFYmyfM
uCWXvBqz,LzZSFBiQq6
IFvq2VYy,boTEK3rvsk
wm8Pvtl7,0tS6XFXJxD
bqYCtTSg,hO183FE7NZ
md3fWa0V,OeC9QZ8z2z
Fujg5YkF,OSppqEFdlQ
JyG8owth,10L6XRLxqY
g8h3uu7P,SNlfsJa6He
XABaJTq6,czXriAHo7N
xPompk1r,h1VE1kkduS
uuABpVUP,kjFyelE5IY
GmNbbiCH,adg3aR8r96
0UMfuG1D,OqwTdGhfPz
bYWbkmwt,KYQHavy90J
SgjgXZPU,veIKjN82Zb
OHjAtOzg,QBxWnCU56J
r6d7mCrr,Hj0ujUidqi
5b7toxN8,xyz01Dl0En
